;"""Protein ID"; Protein Sequence; Protein Family; Protein Domain; Protein Interaction Network;\
0; P02232; MKAELNPEHQRPGSGSCAKDVTKEAQVVAGEYQRKLNFQSVVSSNYLTLTCDKLGINLVCVCNKKEQNRPGQGVNADYEKLKLGSDLPQGKMVTAGQou; PF00014; PDZ; PDZDomainNetwork;
1;P13639; MRHPGGFQGLGLLALQSLQQPLDEMKQTPQDQMKEQILEDLEDLQEVKPEWQEQGTLQRSLQQDILNQELQDEELLKEDEQDELQDHQWEQIR; PF00069; SH3; SH3DomainNetwork;
2;Q9UQC7; MNDPNLKPDQQQNYNYGRYGGYQQQNYNYLLMDPNLKPDQQQNYNYGRYGGYQQQNYNYLLMNDPNLKPDQQQNYNYGRYGGYQQQNYN; PF00035; LIM; LIMDomainNetwork;
3;Q96IJ0; KLLLLLLLLLLLLLLLLLLLLLLLLLLLLLLLLLLLLLLLLLLLLLLLLLLLLLLLLLLLLLLLLLLLLLLLLLLLLLLLLLLLLLL; PF00013; Annexin; AnnexinDomainNetwork;
4;P22305; HQPRQLICLDAQFKQDGEKLTPPQEEDLKDDDDKEDDDDDKKEDDDKKQEDPEDKEANQEQNELAKEDEPSDQEEREEMRRMQQQMRR; PF00076; ZnF\_C2H2; ZnF\_C2H2DomainNetwork;
5;P42762; NKPRHMNKLKNDQNLNSSRSSRSSRSSRSSRSSRSSRSSRSSRSSRSSRSSRSSRSSRSSRSSRSSRSSRSSRSSRSSRSSRSSRSSRSS; PF00033; Homeobox; HomeoboxDomainNetwork;
6;Q9UKV5; EEVMEGDPEDGPQQMGEEMEREPGEEMQMGEEMQMGEEMQMGEEMQMGEEMQMGEEMQMGEEMQMGEEMQMGEEMQMGEEMQMGEE; PF00077; zf-C3H1; zf-C3H1DomainNetwork;
7;Q15309; MLLLLDELLDELLDELLDELLDELLDELLDELLDELLDELLDELLDELLDELLDELLDELLDELLDELLDELLDELLDELLDLLLD; PF00068; SH3; SH3DomainNetwork2;
8;P0DMV8; KMEGQKMEGPMKEKKMGGGGMGGGMGGGMGGGMGGGMGGGMGGGMGGGMGGGMGGGMGGGMGGGMGGGMGGGMGGGMGGGMGGGMGGG; PF01067; Arm; ArmDomainNetwork;
9;Q9Y6K5; GMELLLLLLLLLLLLLLLLLLLLLLLLLLLLLLLLLLLLLLLLLLLLLLLLLLLLLLLLLLLLLLLLLLLLLLLLLLLLLLLLLLL; PF00038; WD40; WD40DomainNetwork;</s>
